<ImportExportXml version="9.2.22092.156" SolutionPackageVersion="9.2" languagecode="1033" generatedBy="CrmLive" xmlns:xsi="http://www.w3.org/2001/XMLSchema-instance">
  <SolutionManifest>
    <UniqueName>SentinelCaseManagement</UniqueName>
    <LocalizedNames>
      <LocalizedName description="SentinelCaseManagement" languagecode="1033" />
    </LocalizedNames>
    <Descriptions />
    <Version>1.0.0.2</Version>
    <Managed>1</Managed>
    <Publisher>
      <UniqueName>MSSentinel</UniqueName>
      <LocalizedNames>
        <LocalizedName description="MSSentinel" languagecode="1033" />
      </LocalizedNames>
      <Descriptions />
      <EMailAddress xsi:nil="true"></EMailAddress>
      <SupportingWebsiteUrl xsi:nil="true"></SupportingWebsiteUrl>
      <CustomizationPrefix>mss</CustomizationPrefix>
      <CustomizationOptionValuePrefix>86653</CustomizationOptionValuePrefix>
      <Addresses>
        <Address>
          <AddressNumber>1</AddressNumber>
          <AddressTypeCode>1</AddressTypeCode>
          <City xsi:nil="true"></City>
          <County xsi:nil="true"></County>
          <Country xsi:nil="true"></Country>
          <Fax xsi:nil="true"></Fax>
          <FreightTermsCode xsi:nil="true"></FreightTermsCode>
          <ImportSequenceNumber xsi:nil="true"></ImportSequenceNumber>
          <Latitude xsi:nil="true"></Latitude>
          <Line1 xsi:nil="true"></Line1>
          <Line2 xsi:nil="true"></Line2>
          <Line3 xsi:nil="true"></Line3>
          <Longitude xsi:nil="true"></Longitude>
          <Name xsi:nil="true"></Name>
          <PostalCode xsi:nil="true"></PostalCode>
          <PostOfficeBox xsi:nil="true"></PostOfficeBox>
          <PrimaryContactName xsi:nil="true"></PrimaryContactName>
          <ShippingMethodCode>1</ShippingMethodCode>
          <StateOrProvince xsi:nil="true"></StateOrProvince>
          <Telephone1 xsi:nil="true"></Telephone1>
          <Telephone2 xsi:nil="true"></Telephone2>
          <Telephone3 xsi:nil="true"></Telephone3>
          <TimeZoneRuleVersionNumber xsi:nil="true"></TimeZoneRuleVersionNumber>
          <UPSZone xsi:nil="true"></UPSZone>
          <UTCOffset xsi:nil="true"></UTCOffset>
          <UTCConversionTimeZoneCode xsi:nil="true"></UTCConversionTimeZoneCode>
        </Address>
        <Address>
          <AddressNumber>2</AddressNumber>
          <AddressTypeCode>1</AddressTypeCode>
          <City xsi:nil="true"></City>
          <County xsi:nil="true"></County>
          <Country xsi:nil="true"></Country>
          <Fax xsi:nil="true"></Fax>
          <FreightTermsCode xsi:nil="true"></FreightTermsCode>
          <ImportSequenceNumber xsi:nil="true"></ImportSequenceNumber>
          <Latitude xsi:nil="true"></Latitude>
          <Line1 xsi:nil="true"></Line1>
          <Line2 xsi:nil="true"></Line2>
          <Line3 xsi:nil="true"></Line3>
          <Longitude xsi:nil="true"></Longitude>
          <Name xsi:nil="true"></Name>
          <PostalCode xsi:nil="true"></PostalCode>
          <PostOfficeBox xsi:nil="true"></PostOfficeBox>
          <PrimaryContactName xsi:nil="true"></PrimaryContactName>
          <ShippingMethodCode>1</ShippingMethodCode>
          <StateOrProvince xsi:nil="true"></StateOrProvince>
          <Telephone1 xsi:nil="true"></Telephone1>
          <Telephone2 xsi:nil="true"></Telephone2>
          <Telephone3 xsi:nil="true"></Telephone3>
          <TimeZoneRuleVersionNumber xsi:nil="true"></TimeZoneRuleVersionNumber>
          <UPSZone xsi:nil="true"></UPSZone>
          <UTCOffset xsi:nil="true"></UTCOffset>
          <UTCConversionTimeZoneCode xsi:nil="true"></UTCConversionTimeZoneCode>
        </Address>
      </Addresses>
    </Publisher>
    <RootComponents>
      <RootComponent type="1" schemaName="account" behavior="1" />
      <RootComponent type="1" schemaName="incident" behavior="2" />
      <RootComponent type="1" schemaName="msdyn_securityservicealert" behavior="0" />
      <RootComponent type="1" schemaName="mss_sentinelbpf" behavior="0" />
      <RootComponent type="1" schemaName="mss_sentinelcustomertenantmapping" behavior="0" />
      <RootComponent type="1" schemaName="mss_sentinelrelatedentity" behavior="0" />
      <RootComponent type="29" id="{6a26f38c-e639-ed11-bba2-000d3a4e3d9e}" behavior="0" />
    </RootComponents>
    <MissingDependencies>
      <MissingDependency>
        <Required type="1" schemaName="entitlement" displayName="Entitlement" solution="msdynce_Service (9.0.5.56)">
          <package>msdynce_ServiceAnchor (9.0.22074.1010)</package>
        </Required>
        <Dependent type="60" displayName="Account" parentDisplayName="Tenant" id="{8448b78f-8f42-454e-8e2a-f8196b0419af}" />
      </MissingDependency>
      <MissingDependency>
        <Required type="1" schemaName="incident" displayName="Case" solution="msdynce_Service (9.0.5.56)">
          <package>msdynce_ServiceAnchor (9.0.22074.1010)</package>
        </Required>
        <Dependent type="1" schemaName="incident" displayName="Case" />
      </MissingDependency>
      <MissingDependency>
        <Required type="1" schemaName="msdyn_affectedasset" displayName="Affected Asset" solution="Active" />
        <Dependent type="60" displayName="Sentinel Case" parentDisplayName="Case" id="{ab66d698-5af2-ec11-82e6-000d3a8c4e2d}" />
      </MissingDependency>
      <MissingDependency>
        <Required type="1" schemaName="msdyn_caseinvestigation" displayName="Case Investigation" solution="Active" />
        <Dependent type="60" displayName="Sentinel Case" parentDisplayName="Case" id="{ab66d698-5af2-ec11-82e6-000d3a8c4e2d}" />
      </MissingDependency>
      <MissingDependency>
        <Required type="1" schemaName="msdyn_casetype" displayName="Case Type" solution="Active" />
        <Dependent type="60" displayName="Sentinel Case" parentDisplayName="Case" id="{ab66d698-5af2-ec11-82e6-000d3a8c4e2d}" />
      </MissingDependency>
      <MissingDependency>
        <Required type="1" schemaName="msdyn_evidence" displayName="Evidence" solution="Active" />
        <Dependent type="60" displayName="Sentinel Case" parentDisplayName="Case" id="{ab66d698-5af2-ec11-82e6-000d3a8c4e2d}" />
      </MissingDependency>
      <MissingDependency>
        <Required type="1" schemaName="opportunity" displayName="Opportunity" solution="msdynce_Sales (9.0.4.0076)">
          <package>msdynce_SalesAnchor (9.0.22091.10001)</package>
        </Required>
        <Dependent type="60" displayName="Account" parentDisplayName="Tenant" id="{8448b78f-8f42-454e-8e2a-f8196b0419af}" />
      </MissingDependency>
      <MissingDependency>
        <Required type="10" schemaName="msdyn_msdyn_casecategory_incident" displayName="msdyn_msdyn_casecategory_incident" parentSchemaName="incident" parentDisplayName="Case" solution="Active" />
        <Dependent type="60" displayName="Sentinel Case" parentDisplayName="Case" id="{ab66d698-5af2-ec11-82e6-000d3a8c4e2d}" />
      </MissingDependency>
      <MissingDependency>
        <Required type="10" schemaName="msdyn_msdyn_casetype_incident_casetype" displayName="msdyn_msdyn_casetype_incident_casetype" parentSchemaName="incident" parentDisplayName="Case" solution="Active" />
        <Dependent type="60" displayName="Sentinel Case" parentDisplayName="Case" id="{ab66d698-5af2-ec11-82e6-000d3a8c4e2d}" />
      </MissingDependency>
      <MissingDependency>
        <Required type="10" schemaName="msdyn_msdyn_emailcounts_incident" displayName="msdyn_msdyn_emailcounts_incident" parentSchemaName="incident" parentDisplayName="Case" solution="Active" />
        <Dependent type="60" displayName="Sentinel Case" parentDisplayName="Case" id="{ab66d698-5af2-ec11-82e6-000d3a8c4e2d}" />
      </MissingDependency>
      <MissingDependency>
        <Required type="10" schemaName="msdyn_systemuser_incident_closedby" displayName="msdyn_systemuser_incident_closedby" parentSchemaName="incident" parentDisplayName="Case" solution="Active" />
        <Dependent type="60" displayName="Sentinel Case" parentDisplayName="Case" id="{ab66d698-5af2-ec11-82e6-000d3a8c4e2d}" />
      </MissingDependency>
      <MissingDependency>
        <Required type="10" schemaName="msdyn_msdyn_casetype_msdyn_casecategory" displayName="msdyn_msdyn_casetype_msdyn_casecategory" parentSchemaName="msdyn_casecategory" parentDisplayName="Case Category" solution="Active" />
        <Dependent type="60" displayName="Sentinel Case" parentDisplayName="Case" id="{ab66d698-5af2-ec11-82e6-000d3a8c4e2d}" />
      </MissingDependency>
      <MissingDependency>
        <Required type="2" schemaName="originatingleadid" displayName="Originating Lead" parentSchemaName="account" parentDisplayName="Tenant" solution="msdynce_LeadManagement (9.0.4.0066)">
          <package>msdynce_LeadManagementAnchor (9.0.22091.10001)</package>
        </Required>
        <Dependent type="60" displayName="Account" parentDisplayName="Tenant" id="{8448b78f-8f42-454e-8e2a-f8196b0419af}" />
      </MissingDependency>
      <MissingDependency>
        <Required type="2" schemaName="createdby" displayName="Created By" parentSchemaName="incident" parentDisplayName="Case" solution="msdynce_Service (9.0.5.56)">
          <package>msdynce_ServiceAnchor (9.0.22074.1010)</package>
        </Required>
        <Dependent type="60" displayName="Sentinel Case" parentDisplayName="Case" id="{ab66d698-5af2-ec11-82e6-000d3a8c4e2d}" />
      </MissingDependency>
      <MissingDependency>
        <Required type="2" schemaName="createdon" displayName="Created On" parentSchemaName="incident" parentDisplayName="Case" solution="msdynce_Service (9.0.5.56)">
          <package>msdynce_ServiceAnchor (9.0.22074.1010)</package>
        </Required>
        <Dependent type="26" schemaName="Active Sentinel Cases" displayName="Active Sentinel Cases" parentSchemaName="incident" parentDisplayName="Case" id="{718c91fe-e339-ed11-bba2-000d3a4e3264}" />
      </MissingDependency>
      <MissingDependency>
        <Required type="2" schemaName="createdon" displayName="Created On" parentSchemaName="incident" parentDisplayName="Case" solution="msdynce_Service (9.0.5.56)">
          <package>msdynce_ServiceAnchor (9.0.22074.1010)</package>
        </Required>
        <Dependent type="60" displayName="Sentinel Case" parentDisplayName="Case" id="{ab66d698-5af2-ec11-82e6-000d3a8c4e2d}" />
      </MissingDependency>
      <MissingDependency>
        <Required type="2" schemaName="customerid" displayName="Customer" parentSchemaName="incident" parentDisplayName="Case" solution="msdynce_Service (9.0.5.56)">
          <package>msdynce_ServiceAnchor (9.0.22074.1010)</package>
        </Required>
        <Dependent type="2" schemaName="customerid" displayName="Customer" parentSchemaName="incident" parentDisplayName="Case" />
      </MissingDependency>
      <MissingDependency>
        <Required type="2" schemaName="description" displayName="Description" parentSchemaName="incident" parentDisplayName="Case" solution="msdynce_Service (9.0.5.56)">
          <package>msdynce_ServiceAnchor (9.0.22074.1010)</package>
        </Required>
        <Dependent type="60" displayName="Sentinel Case" parentDisplayName="Case" id="{ab66d698-5af2-ec11-82e6-000d3a8c4e2d}" />
      </MissingDependency>
      <MissingDependency>
        <Required type="2" schemaName="firstresponsebykpiid" displayName="First Response By KPI" parentSchemaName="incident" parentDisplayName="Case" solution="msdynce_Service (9.0.5.56)">
          <package>msdynce_ServiceAnchor (9.0.22074.1010)</package>
        </Required>
        <Dependent type="60" displayName="Sentinel Case" parentDisplayName="Case" id="{ab66d698-5af2-ec11-82e6-000d3a8c4e2d}" />
      </MissingDependency>
      <MissingDependency>
        <Required type="2" schemaName="incidentid" displayName="Case" parentSchemaName="incident" parentDisplayName="Case" solution="msdynce_Service (9.0.5.56)">
          <package>msdynce_ServiceAnchor (9.0.22074.1010)</package>
        </Required>
        <Dependent type="10" schemaName="msdyn_msdyn_securityservicealert_incidentid_inc" displayName="msdyn_msdyn_securityservicealert_incidentid_inc" parentSchemaName="msdyn_securityservicealert" parentDisplayName="SecurityServiceAlert" />
      </MissingDependency>
      <MissingDependency>
        <Required type="2" schemaName="incidentid" displayName="Case" parentSchemaName="incident" parentDisplayName="Case" solution="msdynce_Service (9.0.5.56)">
          <package>msdynce_ServiceAnchor (9.0.22074.1010)</package>
        </Required>
        <Dependent type="10" schemaName="bpf_incident_mss_sentinelbpf" displayName="bpf_incident_mss_sentinelbpf" parentSchemaName="mss_sentinelbpf" parentDisplayName="SentinelBPF" />
      </MissingDependency>
      <MissingDependency>
        <Required type="2" schemaName="incidentid" displayName="Case" parentSchemaName="incident" parentDisplayName="Case" solution="msdynce_Service (9.0.5.56)">
          <package>msdynce_ServiceAnchor (9.0.22074.1010)</package>
        </Required>
        <Dependent type="10" schemaName="mss_mss_sentinelrelatedentity_incidentid_inci" displayName="mss_mss_sentinelrelatedentity_incidentid_inci" parentSchemaName="mss_sentinelrelatedentity" parentDisplayName="SentinelRelatedEntity" />
      </MissingDependency>
      <MissingDependency>
        <Required type="2" schemaName="incidentid" displayName="Case" parentSchemaName="incident" parentDisplayName="Case" solution="msdynce_Service (9.0.5.56)">
          <package>msdynce_ServiceAnchor (9.0.22074.1010)</package>
        </Required>
        <Dependent type="26" schemaName="Active SentinelBPF on my Cases" displayName="Active SentinelBPF on my Cases" parentSchemaName="mss_sentinelbpf" parentDisplayName="SentinelBPF" id="{238b82f8-1d36-45cd-8940-9552d9ed487e}" />
      </MissingDependency>
      <MissingDependency>
        <Required type="2" schemaName="incidentid" displayName="Case" parentSchemaName="incident" parentDisplayName="Case" solution="msdynce_Service (9.0.5.56)">
          <package>msdynce_ServiceAnchor (9.0.22074.1010)</package>
        </Required>
        <Dependent type="26" schemaName="Active Sentinel Cases" displayName="Active Sentinel Cases" parentSchemaName="incident" parentDisplayName="Case" id="{718c91fe-e339-ed11-bba2-000d3a4e3264}" />
      </MissingDependency>
      <MissingDependency>
        <Required type="2" schemaName="incidentid" displayName="Case" parentSchemaName="incident" parentDisplayName="Case" solution="msdynce_Service (9.0.5.56)">
          <package>msdynce_ServiceAnchor (9.0.22074.1010)</package>
        </Required>
        <Dependent type="26" schemaName="Inactive SentinelBPF on my Cases" displayName="Inactive SentinelBPF on my Cases" parentSchemaName="mss_sentinelbpf" parentDisplayName="SentinelBPF" id="{85face22-021f-4e80-9835-2a1c9eea7909}" />
      </MissingDependency>
      <MissingDependency>
        <Required type="2" schemaName="incidentid" displayName="Case" parentSchemaName="incident" parentDisplayName="Case" solution="msdynce_Service (9.0.5.56)">
          <package>msdynce_ServiceAnchor (9.0.22074.1010)</package>
        </Required>
        <Dependent type="29" displayName="SentinelBPF" id="{6a26f38c-e639-ed11-bba2-000d3a4e3d9e}" />
      </MissingDependency>
      <MissingDependency>
        <Required type="2" schemaName="incidentid" displayName="Case" parentSchemaName="incident" parentDisplayName="Case" solution="msdynce_Service (9.0.5.56)">
          <package>msdynce_ServiceAnchor (9.0.22074.1010)</package>
        </Required>
        <Dependent type="60" displayName="Sentinel Case" parentDisplayName="Case" id="{ab66d698-5af2-ec11-82e6-000d3a8c4e2d}" />
      </MissingDependency>
      <MissingDependency>
        <Required type="2" schemaName="isescalated" displayName="Is Escalated" parentSchemaName="incident" parentDisplayName="Case" solution="msdynce_Service (9.0.5.56)">
          <package>msdynce_ServiceAnchor (9.0.22074.1010)</package>
        </Required>
        <Dependent type="60" displayName="Sentinel Case" parentDisplayName="Case" id="{ab66d698-5af2-ec11-82e6-000d3a8c4e2d}" />
      </MissingDependency>
      <MissingDependency>
        <Required type="2" schemaName="modifiedby" displayName="Modified By" parentSchemaName="incident" parentDisplayName="Case" solution="msdynce_Service (9.0.5.56)">
          <package>msdynce_ServiceAnchor (9.0.22074.1010)</package>
        </Required>
        <Dependent type="60" displayName="Sentinel Case" parentDisplayName="Case" id="{ab66d698-5af2-ec11-82e6-000d3a8c4e2d}" />
      </MissingDependency>
      <MissingDependency>
        <Required type="2" schemaName="msdyn_casesummary" displayName="Case Summary" parentSchemaName="incident" parentDisplayName="Case" solution="Active" />
        <Dependent type="60" displayName="Sentinel Case" parentDisplayName="Case" id="{ab66d698-5af2-ec11-82e6-000d3a8c4e2d}" />
      </MissingDependency>
      <MissingDependency>
        <Required type="2" schemaName="msdyn_casetype" displayName="Case Type" parentSchemaName="incident" parentDisplayName="Case" solution="Active" />
        <Dependent type="26" schemaName="Active Sentinel Cases" displayName="Active Sentinel Cases" parentSchemaName="incident" parentDisplayName="Case" id="{718c91fe-e339-ed11-bba2-000d3a4e3264}" />
      </MissingDependency>
      <MissingDependency>
        <Required type="2" schemaName="msdyn_casetype" displayName="Case Type" parentSchemaName="incident" parentDisplayName="Case" solution="Active" />
        <Dependent type="60" displayName="Sentinel Case" parentDisplayName="Case" id="{ab66d698-5af2-ec11-82e6-000d3a8c4e2d}" />
      </MissingDependency>
      <MissingDependency>
        <Required type="2" schemaName="msdyn_categoryid" displayName="Category" parentSchemaName="incident" parentDisplayName="Case" solution="Active" />
        <Dependent type="60" displayName="Sentinel Case" parentDisplayName="Case" id="{ab66d698-5af2-ec11-82e6-000d3a8c4e2d}" />
      </MissingDependency>
      <MissingDependency>
        <Required type="2" schemaName="msdyn_closedby" displayName="Closed By" parentSchemaName="incident" parentDisplayName="Case" solution="Active" />
        <Dependent type="60" displayName="Sentinel Case" parentDisplayName="Case" id="{ab66d698-5af2-ec11-82e6-000d3a8c4e2d}" />
      </MissingDependency>
      <MissingDependency>
        <Required type="2" schemaName="msdyn_detectiontime" displayName="Detection Time" parentSchemaName="incident" parentDisplayName="Case" solution="Active" />
        <Dependent type="60" displayName="Sentinel Case" parentDisplayName="Case" id="{ab66d698-5af2-ec11-82e6-000d3a8c4e2d}" />
      </MissingDependency>
      <MissingDependency>
        <Required type="2" schemaName="msdyn_iocs" displayName="IOCs" parentSchemaName="incident" parentDisplayName="Case" solution="Active" />
        <Dependent type="60" displayName="Sentinel Case" parentDisplayName="Case" id="{ab66d698-5af2-ec11-82e6-000d3a8c4e2d}" />
      </MissingDependency>
      <MissingDependency>
        <Required type="2" schemaName="msdyn_pendingemailcountid" displayName="Pending Email Count" parentSchemaName="incident" parentDisplayName="Case" solution="Active" />
        <Dependent type="60" displayName="Sentinel Case" parentDisplayName="Case" id="{ab66d698-5af2-ec11-82e6-000d3a8c4e2d}" />
      </MissingDependency>
      <MissingDependency>
        <Required type="2" schemaName="msdyn_requesttype" displayName="Request Type" parentSchemaName="incident" parentDisplayName="Case" solution="Active" />
        <Dependent type="60" displayName="Sentinel Case" parentDisplayName="Case" id="{ab66d698-5af2-ec11-82e6-000d3a8c4e2d}" />
      </MissingDependency>
      <MissingDependency>
        <Required type="2" schemaName="msdyn_resolvedon" displayName="Resolved On" parentSchemaName="incident" parentDisplayName="Case" solution="Active" />
        <Dependent type="60" displayName="Sentinel Case" parentDisplayName="Case" id="{ab66d698-5af2-ec11-82e6-000d3a8c4e2d}" />
      </MissingDependency>
      <MissingDependency>
        <Required type="2" schemaName="msdyn_reviewlinkrelatedincidents" displayName="Review &amp; link related incidents" parentSchemaName="incident" parentDisplayName="Case" solution="Active" />
        <Dependent type="60" displayName="Sentinel Case" parentDisplayName="Case" id="{ab66d698-5af2-ec11-82e6-000d3a8c4e2d}" />
      </MissingDependency>
      <MissingDependency>
        <Required type="2" schemaName="msdyn_tags" displayName="Tags" parentSchemaName="incident" parentDisplayName="Case" solution="Active" />
        <Dependent type="60" displayName="Sentinel Case" parentDisplayName="Case" id="{ab66d698-5af2-ec11-82e6-000d3a8c4e2d}" />
      </MissingDependency>
      <MissingDependency>
        <Required type="2" schemaName="ownerid" displayName="Owner" parentSchemaName="incident" parentDisplayName="Case" solution="msdynce_Service (9.0.5.56)">
          <package>msdynce_ServiceAnchor (9.0.22074.1010)</package>
        </Required>
        <Dependent type="26" schemaName="Active SentinelBPF on my Cases" displayName="Active SentinelBPF on my Cases" parentSchemaName="mss_sentinelbpf" parentDisplayName="SentinelBPF" id="{238b82f8-1d36-45cd-8940-9552d9ed487e}" />
      </MissingDependency>
      <MissingDependency>
        <Required type="2" schemaName="ownerid" displayName="Owner" parentSchemaName="incident" parentDisplayName="Case" solution="msdynce_Service (9.0.5.56)">
          <package>msdynce_ServiceAnchor (9.0.22074.1010)</package>
        </Required>
        <Dependent type="26" schemaName="Active Sentinel Cases" displayName="Active Sentinel Cases" parentSchemaName="incident" parentDisplayName="Case" id="{718c91fe-e339-ed11-bba2-000d3a4e3264}" />
      </MissingDependency>
      <MissingDependency>
        <Required type="2" schemaName="ownerid" displayName="Owner" parentSchemaName="incident" parentDisplayName="Case" solution="msdynce_Service (9.0.5.56)">
          <package>msdynce_ServiceAnchor (9.0.22074.1010)</package>
        </Required>
        <Dependent type="26" schemaName="Inactive SentinelBPF on my Cases" displayName="Inactive SentinelBPF on my Cases" parentSchemaName="mss_sentinelbpf" parentDisplayName="SentinelBPF" id="{85face22-021f-4e80-9835-2a1c9eea7909}" />
      </MissingDependency>
      <MissingDependency>
        <Required type="2" schemaName="ownerid" displayName="Owner" parentSchemaName="incident" parentDisplayName="Case" solution="msdynce_Service (9.0.5.56)">
          <package>msdynce_ServiceAnchor (9.0.22074.1010)</package>
        </Required>
        <Dependent type="29" displayName="SentinelBPF" id="{6a26f38c-e639-ed11-bba2-000d3a4e3d9e}" />
      </MissingDependency>
      <MissingDependency>
        <Required type="2" schemaName="ownerid" displayName="Owner" parentSchemaName="incident" parentDisplayName="Case" solution="msdynce_Service (9.0.5.56)">
          <package>msdynce_ServiceAnchor (9.0.22074.1010)</package>
        </Required>
        <Dependent type="60" displayName="Information" parentDisplayName="SentinelBPF" id="{89c17bd0-55c0-43bc-b9e2-be10b01fb2e5}" />
      </MissingDependency>
      <MissingDependency>
        <Required type="2" schemaName="ownerid" displayName="Owner" parentSchemaName="incident" parentDisplayName="Case" solution="msdynce_Service (9.0.5.56)">
          <package>msdynce_ServiceAnchor (9.0.22074.1010)</package>
        </Required>
        <Dependent type="60" displayName="Sentinel Case" parentDisplayName="Case" id="{ab66d698-5af2-ec11-82e6-000d3a8c4e2d}" />
      </MissingDependency>
      <MissingDependency>
        <Required type="2" schemaName="parentcaseid" displayName="Parent Case" parentSchemaName="incident" parentDisplayName="Case" solution="msdynce_Service (9.0.5.56)">
          <package>msdynce_ServiceAnchor (9.0.22074.1010)</package>
        </Required>
        <Dependent type="60" displayName="Sentinel Case" parentDisplayName="Case" id="{ab66d698-5af2-ec11-82e6-000d3a8c4e2d}" />
      </MissingDependency>
      <MissingDependency>
        <Required type="2" schemaName="prioritycode" displayName="Priority" parentSchemaName="incident" parentDisplayName="Case" solution="msdynce_Service (9.0.5.56)">
          <package>msdynce_ServiceAnchor (9.0.22074.1010)</package>
        </Required>
        <Dependent type="29" displayName="SentinelBPF" id="{6a26f38c-e639-ed11-bba2-000d3a4e3d9e}" />
      </MissingDependency>
      <MissingDependency>
        <Required type="2" schemaName="prioritycode" displayName="Priority" parentSchemaName="incident" parentDisplayName="Case" solution="msdynce_Service (9.0.5.56)">
          <package>msdynce_ServiceAnchor (9.0.22074.1010)</package>
        </Required>
        <Dependent type="60" displayName="Information" parentDisplayName="SentinelBPF" id="{89c17bd0-55c0-43bc-b9e2-be10b01fb2e5}" />
      </MissingDependency>
      <MissingDependency>
        <Required type="2" schemaName="prioritycode" displayName="Priority" parentSchemaName="incident" parentDisplayName="Case" solution="msdynce_Service (9.0.5.56)">
          <package>msdynce_ServiceAnchor (9.0.22074.1010)</package>
        </Required>
        <Dependent type="60" displayName="Sentinel Case" parentDisplayName="Case" id="{ab66d698-5af2-ec11-82e6-000d3a8c4e2d}" />
      </MissingDependency>
      <MissingDependency>
        <Required type="2" schemaName="resolveby" displayName="Resolve By" parentSchemaName="incident" parentDisplayName="Case" solution="msdynce_Service (9.0.5.56)">
          <package>msdynce_ServiceAnchor (9.0.22074.1010)</package>
        </Required>
        <Dependent type="60" displayName="Sentinel Case" parentDisplayName="Case" id="{ab66d698-5af2-ec11-82e6-000d3a8c4e2d}" />
      </MissingDependency>
      <MissingDependency>
        <Required type="2" schemaName="resolvebykpiid" displayName="Resolve By KPI" parentSchemaName="incident" parentDisplayName="Case" solution="msdynce_Service (9.0.5.56)">
          <package>msdynce_ServiceAnchor (9.0.22074.1010)</package>
        </Required>
        <Dependent type="60" displayName="Sentinel Case" parentDisplayName="Case" id="{ab66d698-5af2-ec11-82e6-000d3a8c4e2d}" />
      </MissingDependency>
      <MissingDependency>
        <Required type="2" schemaName="resolvebyslastatus" displayName="Resolve By SLA Status" parentSchemaName="incident" parentDisplayName="Case" solution="msdynce_Service (9.0.5.56)">
          <package>msdynce_ServiceAnchor (9.0.22074.1010)</package>
        </Required>
        <Dependent type="60" displayName="Sentinel Case" parentDisplayName="Case" id="{ab66d698-5af2-ec11-82e6-000d3a8c4e2d}" />
      </MissingDependency>
      <MissingDependency>
        <Required type="2" schemaName="responseby" displayName="First Response By" parentSchemaName="incident" parentDisplayName="Case" solution="msdynce_Service (9.0.5.56)">
          <package>msdynce_ServiceAnchor (9.0.22074.1010)</package>
        </Required>
        <Dependent type="60" displayName="Sentinel Case" parentDisplayName="Case" id="{ab66d698-5af2-ec11-82e6-000d3a8c4e2d}" />
      </MissingDependency>
      <MissingDependency>
        <Required type="2" schemaName="severitycode" displayName="Severity" parentSchemaName="incident" parentDisplayName="Case" solution="msdynce_Service (9.0.5.56)">
          <package>msdynce_ServiceAnchor (9.0.22074.1010)</package>
        </Required>
        <Dependent type="60" displayName="Sentinel Case" parentDisplayName="Case" id="{ab66d698-5af2-ec11-82e6-000d3a8c4e2d}" />
      </MissingDependency>
      <MissingDependency>
        <Required type="2" schemaName="statuscode" displayName="Case Status" parentSchemaName="incident" parentDisplayName="Case" solution="msdynce_Service (9.0.5.56)">
          <package>msdynce_ServiceAnchor (9.0.22074.1010)</package>
        </Required>
        <Dependent type="29" displayName="SentinelBPF" id="{6a26f38c-e639-ed11-bba2-000d3a4e3d9e}" />
      </MissingDependency>
      <MissingDependency>
        <Required type="2" schemaName="statuscode" displayName="Case Status" parentSchemaName="incident" parentDisplayName="Case" solution="msdynce_Service (9.0.5.56)">
          <package>msdynce_ServiceAnchor (9.0.22074.1010)</package>
        </Required>
        <Dependent type="60" displayName="Information" parentDisplayName="SentinelBPF" id="{89c17bd0-55c0-43bc-b9e2-be10b01fb2e5}" />
      </MissingDependency>
      <MissingDependency>
        <Required type="2" schemaName="statuscode" displayName="Case Status" parentSchemaName="incident" parentDisplayName="Case" solution="msdynce_Service (9.0.5.56)">
          <package>msdynce_ServiceAnchor (9.0.22074.1010)</package>
        </Required>
        <Dependent type="60" displayName="Sentinel Case" parentDisplayName="Case" id="{ab66d698-5af2-ec11-82e6-000d3a8c4e2d}" />
      </MissingDependency>
      <MissingDependency>
        <Required type="2" schemaName="subjectid" displayName="Subject" parentSchemaName="incident" parentDisplayName="Case" solution="msdynce_Service (9.0.5.56)">
          <package>msdynce_ServiceAnchor (9.0.22074.1010)</package>
        </Required>
        <Dependent type="60" displayName="Sentinel Case" parentDisplayName="Case" id="{ab66d698-5af2-ec11-82e6-000d3a8c4e2d}" />
      </MissingDependency>
      <MissingDependency>
        <Required type="2" schemaName="ticketnumber" displayName="Case Number" parentSchemaName="incident" parentDisplayName="Case" solution="msdynce_Service (9.0.5.56)">
          <package>msdynce_ServiceAnchor (9.0.22074.1010)</package>
        </Required>
        <Dependent type="26" schemaName="Active Sentinel Cases" displayName="Active Sentinel Cases" parentSchemaName="incident" parentDisplayName="Case" id="{718c91fe-e339-ed11-bba2-000d3a4e3264}" />
      </MissingDependency>
      <MissingDependency>
        <Required type="2" schemaName="ticketnumber" displayName="Case Number" parentSchemaName="incident" parentDisplayName="Case" solution="msdynce_Service (9.0.5.56)">
          <package>msdynce_ServiceAnchor (9.0.22074.1010)</package>
        </Required>
        <Dependent type="60" displayName="Sentinel Case" parentDisplayName="Case" id="{ab66d698-5af2-ec11-82e6-000d3a8c4e2d}" />
      </MissingDependency>
      <MissingDependency>
        <Required type="2" schemaName="title" displayName="Case Title" parentSchemaName="incident" parentDisplayName="Case" solution="msdynce_Service (9.0.5.56)">
          <package>msdynce_ServiceAnchor (9.0.22074.1010)</package>
        </Required>
        <Dependent type="10" schemaName="msdyn_msdyn_securityservicealert_incidentid_inc" displayName="msdyn_msdyn_securityservicealert_incidentid_inc" parentSchemaName="msdyn_securityservicealert" parentDisplayName="SecurityServiceAlert" />
      </MissingDependency>
      <MissingDependency>
        <Required type="2" schemaName="title" displayName="Case Title" parentSchemaName="incident" parentDisplayName="Case" solution="msdynce_Service (9.0.5.56)">
          <package>msdynce_ServiceAnchor (9.0.22074.1010)</package>
        </Required>
        <Dependent type="10" schemaName="bpf_incident_mss_sentinelbpf" displayName="bpf_incident_mss_sentinelbpf" parentSchemaName="mss_sentinelbpf" parentDisplayName="SentinelBPF" />
      </MissingDependency>
      <MissingDependency>
        <Required type="2" schemaName="title" displayName="Case Title" parentSchemaName="incident" parentDisplayName="Case" solution="msdynce_Service (9.0.5.56)">
          <package>msdynce_ServiceAnchor (9.0.22074.1010)</package>
        </Required>
        <Dependent type="10" schemaName="mss_mss_sentinelrelatedentity_incidentid_inci" displayName="mss_mss_sentinelrelatedentity_incidentid_inci" parentSchemaName="mss_sentinelrelatedentity" parentDisplayName="SentinelRelatedEntity" />
      </MissingDependency>
      <MissingDependency>
        <Required type="2" schemaName="title" displayName="Case Title" parentSchemaName="incident" parentDisplayName="Case" solution="msdynce_Service (9.0.5.56)">
          <package>msdynce_ServiceAnchor (9.0.22074.1010)</package>
        </Required>
        <Dependent type="26" schemaName="Active Sentinel Cases" displayName="Active Sentinel Cases" parentSchemaName="incident" parentDisplayName="Case" id="{718c91fe-e339-ed11-bba2-000d3a4e3264}" />
      </MissingDependency>
      <MissingDependency>
        <Required type="2" schemaName="title" displayName="Case Title" parentSchemaName="incident" parentDisplayName="Case" solution="msdynce_Service (9.0.5.56)">
          <package>msdynce_ServiceAnchor (9.0.22074.1010)</package>
        </Required>
        <Dependent type="29" displayName="SentinelBPF" id="{6a26f38c-e639-ed11-bba2-000d3a4e3d9e}" />
      </MissingDependency>
      <MissingDependency>
        <Required type="2" schemaName="title" displayName="Case Title" parentSchemaName="incident" parentDisplayName="Case" solution="msdynce_Service (9.0.5.56)">
          <package>msdynce_ServiceAnchor (9.0.22074.1010)</package>
        </Required>
        <Dependent type="60" displayName="Sentinel Case" parentDisplayName="Case" id="{ab66d698-5af2-ec11-82e6-000d3a8c4e2d}" />
      </MissingDependency>
      <MissingDependency>
        <Required type="26" schemaName="My Active Cases" displayName="My Active Cases" parentSchemaName="incident" parentDisplayName="Case" solution="msdynce_Service (9.0.5.56)" id="{00000000-0000-0000-00aa-000010001028}">
          <package>msdynce_ServiceAnchor (9.0.22074.1010)</package>
        </Required>
        <Dependent type="60" displayName="Sentinel Case" parentDisplayName="Case" id="{ab66d698-5af2-ec11-82e6-000d3a8c4e2d}" />
      </MissingDependency>
      <MissingDependency>
        <Required type="26" schemaName="All Cases for Customer" displayName="All Cases for Customer" parentSchemaName="incident" parentDisplayName="Case" solution="msdynce_Service (9.0.5.56)" id="{00000000-0000-0000-00aa-000010001039}">
          <package>msdynce_ServiceAnchor (9.0.22074.1010)</package>
        </Required>
        <Dependent type="60" displayName="Account" parentDisplayName="Tenant" id="{8448b78f-8f42-454e-8e2a-f8196b0419af}" />
      </MissingDependency>
      <MissingDependency>
        <Required type="26" schemaName="My Open Opportunities" displayName="My Open Opportunities" parentSchemaName="opportunity" parentDisplayName="Opportunity" solution="msdynce_Sales (9.0.4.0076)" id="{00000000-0000-0000-00aa-000010003000}">
          <package>msdynce_SalesAnchor (9.0.22091.10001)</package>
        </Required>
        <Dependent type="60" displayName="Account" parentDisplayName="Tenant" id="{8448b78f-8f42-454e-8e2a-f8196b0419af}" />
      </MissingDependency>
      <MissingDependency>
        <Required type="26" schemaName="Case Category Lookup View" displayName="Case Category Lookup View" parentSchemaName="msdyn_casecategory" parentDisplayName="Case Category" solution="Active" id="{2ef4a830-5fad-4a0f-9f14-9a3869ad0f01}" />
        <Dependent type="60" displayName="Sentinel Case" parentDisplayName="Case" id="{ab66d698-5af2-ec11-82e6-000d3a8c4e2d}" />
      </MissingDependency>
      <MissingDependency>
        <Required type="26" schemaName="Email Count Lookup View" displayName="Email Count Lookup View" parentSchemaName="msdyn_emailcounts" parentDisplayName="Pending Email Count" solution="Active" id="{4b450fd3-74ab-4043-8eeb-42375d9787da}" />
        <Dependent type="60" displayName="Sentinel Case" parentDisplayName="Case" id="{ab66d698-5af2-ec11-82e6-000d3a8c4e2d}" />
      </MissingDependency>
      <MissingDependency>
        <Required type="26" schemaName="Similar Cases - MTE" displayName="Similar Cases - MTE" parentSchemaName="incident" parentDisplayName="Case" solution="Active" id="{51d07ad6-7815-ec11-b6e7-000d3a9d2551}" />
        <Dependent type="60" displayName="Sentinel Case" parentDisplayName="Case" id="{ab66d698-5af2-ec11-82e6-000d3a8c4e2d}" />
      </MissingDependency>
      <MissingDependency>
        <Required type="26" schemaName="Active Cases with Parent Child Status" displayName="Active Cases with Parent Child Status" parentSchemaName="incident" parentDisplayName="Case" solution="msdynce_Service (9.0.5.56)" id="{95aa1763-3800-4d3e-906f-e81b4191ac8e}">
          <package>msdynce_ServiceAnchor (9.0.22074.1010)</package>
        </Required>
        <Dependent type="60" displayName="Sentinel Case" parentDisplayName="Case" id="{ab66d698-5af2-ec11-82e6-000d3a8c4e2d}" />
      </MissingDependency>
      <MissingDependency>
        <Required type="26" schemaName="Account Entitlements" displayName="Account Entitlements" parentSchemaName="entitlement" parentDisplayName="Entitlement" solution="msdynce_Service (9.0.5.56)" id="{961bf8aa-042f-4f4d-bcca-935bfc9a6994}">
          <package>msdynce_ServiceAnchor (9.0.22074.1010)</package>
        </Required>
        <Dependent type="60" displayName="Account" parentDisplayName="Tenant" id="{8448b78f-8f42-454e-8e2a-f8196b0419af}" />
      </MissingDependency>
      <MissingDependency>
        <Required type="26" schemaName="Recent Opportunities" displayName="Recent Opportunities" parentSchemaName="opportunity" parentDisplayName="Opportunity" solution="msdynce_Sales (9.0.4.0076)" id="{9c3f7ee8-eca7-e211-9fb6-00155dd0ea05}">
          <package>msdynce_SalesAnchor (9.0.22091.10001)</package>
        </Required>
        <Dependent type="60" displayName="Account" parentDisplayName="Tenant" id="{8448b78f-8f42-454e-8e2a-f8196b0419af}" />
      </MissingDependency>
      <MissingDependency>
        <Required type="26" schemaName="Active Affected Assets" displayName="Active Affected Assets" parentSchemaName="msdyn_affectedasset" parentDisplayName="Affected Asset" solution="Active" id="{9ddf575c-8b57-4782-b46d-4d62a58c8bfa}" />
        <Dependent type="60" displayName="Sentinel Case" parentDisplayName="Case" id="{ab66d698-5af2-ec11-82e6-000d3a8c4e2d}" />
      </MissingDependency>
      <MissingDependency>
        <Required type="26" schemaName="Case Type Lookup View" displayName="Case Type Lookup View" parentSchemaName="msdyn_casetype" parentDisplayName="Case Type" solution="Active" id="{b81b484c-f3dd-4484-9006-a802e5832052}" />
        <Dependent type="60" displayName="Sentinel Case" parentDisplayName="Case" id="{ab66d698-5af2-ec11-82e6-000d3a8c4e2d}" />
      </MissingDependency>
      <MissingDependency>
        <Required type="26" schemaName="Tier 1 and 2 Investigations View" displayName="Tier 1 and 2 Investigations View" parentSchemaName="msdyn_caseinvestigation" parentDisplayName="Case Investigation" solution="Active" id="{d012ebb1-ecef-eb11-94ef-000d3a985a6e}" />
        <Dependent type="60" displayName="Sentinel Case" parentDisplayName="Case" id="{ab66d698-5af2-ec11-82e6-000d3a8c4e2d}" />
      </MissingDependency>
      <MissingDependency>
        <Required type="26" schemaName="Active Evidences" displayName="Active Evidences" parentSchemaName="msdyn_evidence" parentDisplayName="Evidence" solution="Active" id="{da54a668-130d-48ce-a446-471c4ce179e3}" />
        <Dependent type="60" displayName="Sentinel Case" parentDisplayName="Case" id="{ab66d698-5af2-ec11-82e6-000d3a8c4e2d}" />
      </MissingDependency>
      <MissingDependency>
        <Required type="59" schemaName="Active Cases by Agent Per Severity" displayName="Active Cases by Agent Per Severity" parentSchemaName="incident" parentDisplayName="Case" solution="msdynce_Service (9.0.5.56)" id="{4143b74e-4a07-4d01-9ffe-2cdcaa4208fd}">
          <package>msdynce_ServiceAnchor (9.0.22074.1010)</package>
        </Required>
        <Dependent type="60" displayName="Sentinel Case" parentDisplayName="Case" id="{ab66d698-5af2-ec11-82e6-000d3a8c4e2d}" />
      </MissingDependency>
      <MissingDependency>
        <Required type="59" schemaName="Top Customers" displayName="Top Customers" parentSchemaName="opportunity" parentDisplayName="Opportunity" solution="msdynce_Sales (9.0.4.0076)" id="{8bc5fb18-48f2-4782-9e16-3d452fa4ddce}">
          <package>msdynce_SalesAnchor (9.0.22091.10001)</package>
        </Required>
        <Dependent type="60" displayName="Account" parentDisplayName="Tenant" id="{8448b78f-8f42-454e-8e2a-f8196b0419af}" />
      </MissingDependency>
      <MissingDependency>
        <Required type="60" displayName="Resolve By SLA" parentDisplayName="SLA KPI Instance" solution="msdynce_ServiceLevelAgreement (9.0.22091.1007)" id="{19b14c51-3d43-4d56-ab34-49c540bf468c}">
          <package>msdynce_ServiceLevelAgreementAnchor (9.0.22091.1007)</package>
        </Required>
        <Dependent type="60" displayName="Sentinel Case" parentDisplayName="Case" id="{ab66d698-5af2-ec11-82e6-000d3a8c4e2d}" />
      </MissingDependency>
      <MissingDependency>
        <Required type="60" displayName="account contact card" parentDisplayName="Contact" solution="msdynce_AppCommon (9.0.4.0066)" id="{29de27bc-a257-4f29-99cf-bab4a84e688f}">
          <package>msdynce_AppCommonAnchor (9.0.22091.10001)</package>
        </Required>
        <Dependent type="60" displayName="Account" parentDisplayName="Tenant" id="{8448b78f-8f42-454e-8e2a-f8196b0419af}" />
      </MissingDependency>
      <MissingDependency>
        <Required type="60" displayName="Investigation Card" parentDisplayName="Case Investigation" solution="Active" id="{35322fc0-074b-4c9c-8d13-6132d3be4e63}" />
        <Dependent type="60" displayName="Sentinel Case" parentDisplayName="Case" id="{ab66d698-5af2-ec11-82e6-000d3a8c4e2d}" />
      </MissingDependency>
      <MissingDependency>
        <Required type="60" displayName="Account" parentDisplayName="Tenant" solution="msdynce_AppCommon (9.0.4.0066)" id="{8448b78f-8f42-454e-8e2a-f8196b0419af}">
          <package>msdynce_AppCommonAnchor (9.0.22091.10001)</package>
        </Required>
        <Dependent type="60" displayName="Account" parentDisplayName="Tenant" id="{8448b78f-8f42-454e-8e2a-f8196b0419af}" />
      </MissingDependency>
      <MissingDependency>
        <Required type="60" displayName="First Response SLA" parentDisplayName="SLA KPI Instance" solution="msdynce_ServiceLevelAgreement (9.0.22091.1007)" id="{ede9dac3-e143-4be4-acc8-237309e31210}">
          <package>msdynce_ServiceLevelAgreementAnchor (9.0.22091.1007)</package>
        </Required>
        <Dependent type="60" displayName="Sentinel Case" parentDisplayName="Case" id="{ab66d698-5af2-ec11-82e6-000d3a8c4e2d}" />
      </MissingDependency>
      <MissingDependency>
        <Required type="61" schemaName="msdyn_/Account/AssetCommon.Account.Library.js" displayName="msdyn_/Account/AssetCommon.Account.Library.js" solution="msdyn_AssetCommon (1.0.26.9)">
          <package>msdynce_ServiceAnchor (9.0.22074.1010)</package>
        </Required>
        <Dependent type="60" displayName="Account" parentDisplayName="Tenant" id="{8448b78f-8f42-454e-8e2a-f8196b0419af}" />
      </MissingDependency>
      <MissingDependency>
        <Required type="61" schemaName="msdyn_/ConnectedCustomerService/Case/CaseForm.js" displayName="msdyn_/ConnectedCustomerService/Case/CaseForm.js" solution="msdyn_ConnectedCustomerService (9.0.20115.1027)">
          <package>msdynce_ServiceAnchor (9.0.22074.1010)</package>
        </Required>
        <Dependent type="60" displayName="Sentinel Case" parentDisplayName="Case" id="{ab66d698-5af2-ec11-82e6-000d3a8c4e2d}" />
      </MissingDependency>
      <MissingDependency>
        <Required type="61" schemaName="msdyn_/ConnectedCustomerService/Utils/RibbonUtils.js" displayName="msdyn_/ConnectedCustomerService/Utils/RibbonUtils.js" solution="msdyn_ConnectedCustomerService (9.0.20115.1027)">
          <package>msdynce_ServiceAnchor (9.0.22074.1010)</package>
        </Required>
        <Dependent type="60" displayName="Sentinel Case" parentDisplayName="Case" id="{ab66d698-5af2-ec11-82e6-000d3a8c4e2d}" />
      </MissingDependency>
      <MissingDependency>
        <Required type="61" schemaName="msdyn_audithistory" displayName="msdyn_audithistory" solution="Active" />
        <Dependent type="60" displayName="Sentinel Case" parentDisplayName="Case" id="{ab66d698-5af2-ec11-82e6-000d3a8c4e2d}" />
      </MissingDependency>
      <MissingDependency>
        <Required type="61" schemaName="msdyn_FilterOptionSet" displayName="msdyn_FilterOptionSet" solution="Active" />
        <Dependent type="60" displayName="Sentinel Case" parentDisplayName="Case" id="{ab66d698-5af2-ec11-82e6-000d3a8c4e2d}" />
      </MissingDependency>
      <MissingDependency>
        <Required type="61" schemaName="msdyn_ResolveCase" displayName="msdyn_ResolveCase" solution="Active" />
        <Dependent type="60" displayName="Sentinel Case" parentDisplayName="Case" id="{ab66d698-5af2-ec11-82e6-000d3a8c4e2d}" />
      </MissingDependency>
      <MissingDependency>
        <Required type="61" schemaName="msdyn_restictContacts" displayName="msdyn_restictContacts" solution="Active" />
        <Dependent type="60" displayName="Sentinel Case" parentDisplayName="Case" id="{ab66d698-5af2-ec11-82e6-000d3a8c4e2d}" />
      </MissingDependency>
      <MissingDependency>
        <Required type="61" schemaName="msdyn_TagControl" displayName="msdyn_TagControl" solution="Active" />
        <Dependent type="60" displayName="Sentinel Case" parentDisplayName="Case" id="{ab66d698-5af2-ec11-82e6-000d3a8c4e2d}" />
      </MissingDependency>
      <MissingDependency>
        <Required type="66" schemaName="MscrmControls.CardFeedContainer.CardFeedContainer" displayName="MscrmControls.CardFeedContainer.CardFeedContainer" solution="BaseCustomControlsCore (9.0.2209.2007)" />
        <Dependent type="60" displayName="Account" parentDisplayName="Tenant" id="{8448b78f-8f42-454e-8e2a-f8196b0419af}" />
      </MissingDependency>
      <MissingDependency>
        <Required type="66" schemaName="MscrmControls.Grid.GridControl" displayName="MscrmControls.Grid.GridControl" solution="BaseCustomControlsCore (9.0.2209.2007)" />
        <Dependent type="60" displayName="Sentinel Case" parentDisplayName="Case" id="{ab66d698-5af2-ec11-82e6-000d3a8c4e2d}" />
      </MissingDependency>
      <MissingDependency>
        <Required type="66" schemaName="MscrmControls.Grid.ReadOnlyGrid" displayName="MscrmControls.Grid.ReadOnlyGrid" solution="BaseCustomControlsCore (9.0.2209.2007)" />
        <Dependent type="60" displayName="Sentinel Case" parentDisplayName="Case" id="{ab66d698-5af2-ec11-82e6-000d3a8c4e2d}" />
      </MissingDependency>
      <MissingDependency>
        <Required type="66" schemaName="MscrmControls.RichTextEditor.RichTextEditorControl" displayName="MscrmControls.RichTextEditor.RichTextEditorControl" solution="msdyn_RichTextEditor (1.0.0.1963)" />
        <Dependent type="60" displayName="Sentinel Case" parentDisplayName="Case" id="{ab66d698-5af2-ec11-82e6-000d3a8c4e2d}" />
      </MissingDependency>
      <MissingDependency>
        <Required type="66" schemaName="msdyn_MMD.GroupDetailListControl" displayName="msdyn_MMD.GroupDetailListControl" solution="Active" />
        <Dependent type="60" displayName="Sentinel Case" parentDisplayName="Case" id="{ab66d698-5af2-ec11-82e6-000d3a8c4e2d}" />
      </MissingDependency>
      <MissingDependency>
        <Required type="66" schemaName="msdyn_MscrmControls.TreeView.TreeViewControl" displayName="msdyn_MscrmControls.TreeView.TreeViewControl" solution="msdyn_AssetCommon (1.0.26.9)">
          <package>msdynce_ServiceAnchor (9.0.22074.1010)</package>
        </Required>
        <Dependent type="60" displayName="Account" parentDisplayName="Tenant" id="{8448b78f-8f42-454e-8e2a-f8196b0419af}" />
      </MissingDependency>
    </MissingDependencies>
  </SolutionManifest>
</ImportExportXml>